[{
  "key": 0,
  "name": "123",
  "sex": "女",
  "age": "23",
  "address": "江苏省 / 南京市 / 栖霞区",
  "phone": "17322103020",
  "email": "wy0611@163.com",
  "website": "wy0611.net",
  "createtime": "2017-11-11 11:11:11"
},{
  "key": 1,
  "name": "234",
  "sex": "男",
  "age": "29",
  "address": "江苏省 / 南京市 / 鼓楼区",
  "phone": "18745896565",
  "email": "zx123@qq.com",
  "website": "zx123.com",
  "createtime": "2017-10-10 10:10:10"
},{
  "key": 2,
  "name": "456",
  "sex": "男",
  "age": "10",
  "address": "江苏省 / 南京市 / 江宁区",
  "phone": "17708185866",
  "email": "cmd@163.com",
  "website": "cmd.cn",
  "createtime": "2017-12-12 12:12:12"
}]